Country Name,Country Code,Series Name,Series Code,2020 [YR2020],2021 [YR2021],2022 [YR2022],2023 [YR2023],2024 [YR2024]
Afghanistan,AFG,Government Effectiveness - Governance estimate (approx. -2.5 to +2.5),GOV_WGI_GE.EST,-1.7167282,-1.7059035,-1.9646115,-2.0924592,-1.9339966
Afghanistan,AFG,Regulatory Quality - Governance estimate (approx. -2.5 to +2.5),GOV_WGI_RQ.EST,-1.3026506,-1.40994469999999,-1.4229756,-1.43056079999999,-1.538435
Zimbabwe,ZWE,Government Effectiveness - Governance estimate (approx. -2.5 to +2.5),GOV_WGI_GE.EST,-1.1252829,-1.0994958,-1.09976269999999,-0.988479599999999,-0.9876299
Zimbabwe,ZWE,Regulatory Quality - Governance estimate (approx. -2.5 to +2.5),GOV_WGI_RQ.EST,-1.3302143,-1.32535009999999,-1.3307719,-1.2277201,-1.1780738
Zambia,ZMB,Government Effectiveness - Governance estimate (approx. -2.5 to +2.5),GOV_WGI_GE.EST,-0.7343493,-0.7266708,-0.5899419,-0.5628206,-0.5330555
Zambia,ZMB,Regulatory Quality - Governance estimate (approx. -2.5 to +2.5),GOV_WGI_RQ.EST,-0.6127925,-0.5122202,-0.45732,-0.465492099999999,-0.420661199999999
West Bank and Gaza,PSE,Government Effectiveness - Governance estimate (approx. -2.5 to +2.5),GOV_WGI_GE.EST,-0.4497852,-0.6289954,-0.7155811,-1.04199169999999,-1.0985907
West Bank and Gaza,PSE,Regulatory Quality - Governance estimate (approx. -2.5 to +2.5),GOV_WGI_RQ.EST,-0.1515086,-0.1524659,-0.1550172,-0.360597699999999,-0.4676244
Viet Nam,VNM,Government Effectiveness - Governance estimate (approx. -2.5 to +2.5),GOV_WGI_GE.EST,0.0679668,0.0482402,-0.1033176,-0.1794045,-0.0922968
Viet Nam,VNM,Regulatory Quality - Governance estimate (approx. -2.5 to +2.5),GOV_WGI_RQ.EST,-0.235853099999999,-0.3447202,-0.347202499999999,-0.2794316,-0.2668063
Vanuatu,VUT,Government Effectiveness - Governance estimate (approx. -2.5 to +2.5),GOV_WGI_GE.EST,-0.757826,-0.8022922,-0.802548399999999,-0.8432371,-0.8168523
Vanuatu,VUT,Regulatory Quality - Governance estimate (approx. -2.5 to +2.5),GOV_WGI_RQ.EST,-0.421942999999999,-0.4321259,-0.4178727,-0.410014799999999,-0.324751499999999
Uruguay,URY,Government Effectiveness - Governance estimate (approx. -2.5 to +2.5),GOV_WGI_GE.EST,0.7691696,0.8270962,0.8993588,0.8539851,0.6904799
Uruguay,URY,Regulatory Quality - Governance estimate (approx. -2.5 to +2.5),GOV_WGI_RQ.EST,0.6994509,0.7331802,0.7251419,0.737625,0.6468484
United Kingdom,GBR,Government Effectiveness - Governance estimate (approx. -2.5 to +2.5),GOV_WGI_GE.EST,1.3728014,1.3289695,1.2932604,1.1378943,1.1849099
United Kingdom,GBR,Regulatory Quality - Governance estimate (approx. -2.5 to +2.5),GOV_WGI_RQ.EST,1.6013639,1.600758,1.6491931,1.5889865,1.5112377
Tuvalu,TUV,Government Effectiveness - Governance estimate (approx. -2.5 to +2.5),GOV_WGI_GE.EST,-0.571291099999999,-0.4276442,-0.4080989,-0.5905787,-0.6909856
Tuvalu,TUV,Regulatory Quality - Governance estimate (approx. -2.5 to +2.5),GOV_WGI_RQ.EST,-0.6850119,-0.5930428,-0.573895199999999,-0.6665338,-0.4022096
Cuba,CUB,Government Effectiveness - Governance estimate (approx. -2.5 to +2.5),GOV_WGI_GE.EST,-0.1099187,-0.0976359,0.0198019,-0.0018924999999999,-0.2695183
Cuba,CUB,Regulatory Quality - Governance estimate (approx. -2.5 to +2.5),GOV_WGI_RQ.EST,-1.2255038,-1.1730802,-1.1673033,-1.2309526,-1.4371482
Czechia,CZE,Government Effectiveness - Governance estimate (approx. -2.5 to +2.5),GOV_WGI_GE.EST,1.0855924,1.1010113,1.1951482,1.2354239,1.1773279
Czechia,CZE,Regulatory Quality - Governance estimate (approx. -2.5 to +2.5),GOV_WGI_RQ.EST,1.0899444,1.2403943,1.3279348,1.2275231,1.2319075
Djibouti,DJI,Government Effectiveness - Governance estimate (approx. -2.5 to +2.5),GOV_WGI_GE.EST,-0.675007399999999,-0.647701299999999,-0.5581809,-0.536184,-0.4930443
Djibouti,DJI,Regulatory Quality - Governance estimate (approx. -2.5 to +2.5),GOV_WGI_RQ.EST,-0.830967799999999,-0.7686696,-0.769363799999999,-0.788349299999999,-0.852795899999999
Dominican Republic,DOM,Government Effectiveness - Governance estimate (approx. -2.5 to +2.5),GOV_WGI_GE.EST,-0.3603632,-0.1501487,-0.121071299999999,0.045792,0.0746487
Dominican Republic,DOM,Regulatory Quality - Governance estimate (approx. -2.5 to +2.5),GOV_WGI_RQ.EST,-0.0974015999999999,-0.0103431,-0.0598314999999999,0.0485044,0.207328
"Egypt, Arab Rep.",EGY,Government Effectiveness - Governance estimate (approx. -2.5 to +2.5),GOV_WGI_GE.EST,-0.234355899999999,-0.225102299999999,-0.1434309,-0.0397463,-0.0970579
"Egypt, Arab Rep.",EGY,Regulatory Quality - Governance estimate (approx. -2.5 to +2.5),GOV_WGI_RQ.EST,-0.6355909,-0.5701379,-0.6685017,-0.5731672,-0.499469399999999
Equatorial Guinea,GNQ,Government Effectiveness - Governance estimate (approx. -2.5 to +2.5),GOV_WGI_GE.EST,-1.06237919999999,-1.041591,-1.17575719999999,-1.1523444,-1.1825117
Equatorial Guinea,GNQ,Regulatory Quality - Governance estimate (approx. -2.5 to +2.5),GOV_WGI_RQ.EST,-1.4963872,-1.4969104,-1.2793839,-1.2792354,-1.3990487
Estonia,EST,Government Effectiveness - Governance estimate (approx. -2.5 to +2.5),GOV_WGI_GE.EST,1.3201957,1.3707206,1.3587321,1.2678954,1.2969908
Estonia,EST,Regulatory Quality - Governance estimate (approx. -2.5 to +2.5),GOV_WGI_RQ.EST,1.4919949,1.5595497,1.5410127,1.4519904,1.3977035
Ethiopia,ETH,Government Effectiveness - Governance estimate (approx. -2.5 to +2.5),GOV_WGI_GE.EST,-0.551689499999999,-0.650462099999999,-0.7000773,-0.6883758,-0.645991
Ethiopia,ETH,Regulatory Quality - Governance estimate (approx. -2.5 to +2.5),GOV_WGI_RQ.EST,-0.8158694,-0.7684521,-0.7815691,-0.8373693,-0.8332379
Finland,FIN,Government Effectiveness - Governance estimate (approx. -2.5 to +2.5),GOV_WGI_GE.EST,2.1354229,2.1560517,1.8972063,1.787685,1.8171611
Finland,FIN,Regulatory Quality - Governance estimate (approx. -2.5 to +2.5),GOV_WGI_RQ.EST,1.9717616,2.0110043,1.9092509,1.8669036,1.9635191
French Guiana,GUF,Government Effectiveness - Governance estimate (approx. -2.5 to +2.5),GOV_WGI_GE.EST,1.4897219,1.4914946,1.2859047,1.2866922,1.2858591
French Guiana,GUF,Regulatory Quality - Governance estimate (approx. -2.5 to +2.5),GOV_WGI_RQ.EST,1.1571758,1.1562185,1.059642,1.0599139,1.0605294
Gabon,GAB,Government Effectiveness - Governance estimate (approx. -2.5 to +2.5),GOV_WGI_GE.EST,-0.8134549,-0.588664699999999,-0.5943568,-0.5840974,-0.5671547
Gabon,GAB,Regulatory Quality - Governance estimate (approx. -2.5 to +2.5),GOV_WGI_RQ.EST,-0.8995732,-0.832492799999999,-0.760076299999999,-0.7404782,-0.723457799999999
Georgia,GEO,Government Effectiveness - Governance estimate (approx. -2.5 to +2.5),GOV_WGI_GE.EST,0.3081567,0.4515433,0.4424252,0.5876041,0.4562672
Georgia,GEO,Regulatory Quality - Governance estimate (approx. -2.5 to +2.5),GOV_WGI_RQ.EST,0.8062149,0.8431074,0.7730594,0.8085223,0.6500428
Ghana,GHA,Government Effectiveness - Governance estimate (approx. -2.5 to +2.5),GOV_WGI_GE.EST,-0.0103657,-0.0445107,-0.0662946,-0.0177779,0.0595796
Ghana,GHA,Regulatory Quality - Governance estimate (approx. -2.5 to +2.5),GOV_WGI_RQ.EST,-0.1601259,-0.1880837,-0.1621235,-0.159406,-0.0898549
Greenland,GRL,Government Effectiveness - Governance estimate (approx. -2.5 to +2.5),GOV_WGI_GE.EST,0.480273,0.4838322,0.7779131,0.7792725,1.3528493
Greenland,GRL,Regulatory Quality - Governance estimate (approx. -2.5 to +2.5),GOV_WGI_RQ.EST,1.5075802,1.5060874,1.3554833,1.3559072,1.5034927
Guam,GUM,Government Effectiveness - Governance estimate (approx. -2.5 to +2.5),GOV_WGI_GE.EST,0.7650002,0.7679093,0.952868,0.9540388,1.269394
Guam,GUM,Regulatory Quality - Governance estimate (approx. -2.5 to +2.5),GOV_WGI_RQ.EST,0.3974735,0.3953827,0.3898105,0.3904042,0.3917487
Guinea,GIN,Government Effectiveness - Governance estimate (approx. -2.5 to +2.5),GOV_WGI_GE.EST,-0.8118614,-0.808593999999999,-0.9248516,-0.8735118,-0.8881627
Guinea,GIN,Regulatory Quality - Governance estimate (approx. -2.5 to +2.5),GOV_WGI_RQ.EST,-0.826735999999999,-0.912789299999999,-0.960537699999999,-0.959765699999999,-0.8917271
Guyana,GUY,Government Effectiveness - Governance estimate (approx. -2.5 to +2.5),GOV_WGI_GE.EST,-0.2652471,-0.1426381,-0.1291709,-0.0976684999999999,-0.0982402
Guyana,GUY,Regulatory Quality - Governance estimate (approx. -2.5 to +2.5),GOV_WGI_RQ.EST,-0.5877644,-0.5733425,-0.647654699999999,-0.6656004,-0.4474838
Honduras,HND,Government Effectiveness - Governance estimate (approx. -2.5 to +2.5),GOV_WGI_GE.EST,-0.582503099999999,-0.6672516,-0.686258199999999,-0.6579014,-0.6196728
Honduras,HND,Regulatory Quality - Governance estimate (approx. -2.5 to +2.5),GOV_WGI_RQ.EST,-0.5559791,-0.606984299999999,-0.6195218,-0.681674799999999,-0.6280335
Hungary,HUN,Government Effectiveness - Governance estimate (approx. -2.5 to +2.5),GOV_WGI_GE.EST,0.7208016,0.784219,0.657731,0.5461907,0.501908
Hungary,HUN,Regulatory Quality - Governance estimate (approx. -2.5 to +2.5),GOV_WGI_RQ.EST,0.4381497,0.4002885,0.2882324,0.2375182,0.3350444
India,IND,Government Effectiveness - Governance estimate (approx. -2.5 to +2.5),GOV_WGI_GE.EST,0.3492894,0.2400136,0.3392526,0.422603,0.4046051
India,IND,Regulatory Quality - Governance estimate (approx. -2.5 to +2.5),GOV_WGI_RQ.EST,-0.1486534,-0.169914899999999,-0.087658,-0.1271699,-0.0960695999999999
"Iran, Islamic Rep.",IRN,Government Effectiveness - Governance estimate (approx. -2.5 to +2.5),GOV_WGI_GE.EST,-0.7071428,-0.6566521,-0.7076616,-0.7402272,-0.7061233
"Iran, Islamic Rep.",IRN,Regulatory Quality - Governance estimate (approx. -2.5 to +2.5),GOV_WGI_RQ.EST,-1.39295869999999,-1.39362039999999,-1.3976255,-1.4684049,-1.5113535
Ireland,IRL,Government Effectiveness - Governance estimate (approx. -2.5 to +2.5),GOV_WGI_GE.EST,1.5003528,1.6184384,1.7057914,1.6609005,1.6115533
Ireland,IRL,Regulatory Quality - Governance estimate (approx. -2.5 to +2.5),GOV_WGI_RQ.EST,1.4657053,1.621098,1.766517,1.7973082,1.7944361
Italy,ITA,Government Effectiveness - Governance estimate (approx. -2.5 to +2.5),GOV_WGI_GE.EST,0.5477288,0.574774,0.7178718,0.8533467,0.7922891
Italy,ITA,Regulatory Quality - Governance estimate (approx. -2.5 to +2.5),GOV_WGI_RQ.EST,0.4717415,0.5735641,0.6011866,0.695748,0.6401491
Japan,JPN,Government Effectiveness - Governance estimate (approx. -2.5 to +2.5),GOV_WGI_GE.EST,1.8051167,1.653038,2.0307507,1.9883877,2.0879101
Japan,JPN,Regulatory Quality - Governance estimate (approx. -2.5 to +2.5),GOV_WGI_RQ.EST,1.3671823,1.3955783,1.4106972,1.3978822,1.3296352
Jordan,JOR,Government Effectiveness - Governance estimate (approx. -2.5 to +2.5),GOV_WGI_GE.EST,0.1138845,0.1228638,0.1428514,0.3908884,0.2162114
Jordan,JOR,Regulatory Quality - Governance estimate (approx. -2.5 to +2.5),GOV_WGI_RQ.EST,0.1930478,0.1917529,0.2117071,0.3141122,0.2760104
Kenya,KEN,Government Effectiveness - Governance estimate (approx. -2.5 to +2.5),GOV_WGI_GE.EST,-0.3759713,-0.3468069,-0.3324798,-0.3131112,-0.2978904
Kenya,KEN,Regulatory Quality - Governance estimate (approx. -2.5 to +2.5),GOV_WGI_RQ.EST,-0.460141099999999,-0.424813499999999,-0.3909087,-0.3986548,-0.3335684
"Korea, Dem. People's Rep.",PRK,Government Effectiveness - Governance estimate (approx. -2.5 to +2.5),GOV_WGI_GE.EST,-1.2548503,-1.4820228,-1.3350416,-1.2707438,-1.27131019999999
"Korea, Dem. People's Rep.",PRK,Regulatory Quality - Governance estimate (approx. -2.5 to +2.5),GOV_WGI_RQ.EST,-1.9455234,-1.9459904,-1.94723499999999,-1.8744885,-1.87415999999999
Kosovo,XKX,Government Effectiveness - Governance estimate (approx. -2.5 to +2.5),GOV_WGI_GE.EST,-0.3716021,-0.1579456,-0.0237723,0.0092567999999999,-0.0612949999999999
Kosovo,XKX,Regulatory Quality - Governance estimate (approx. -2.5 to +2.5),GOV_WGI_RQ.EST,-0.3899511,-0.3739534,-0.468636799999999,-0.3899858,-0.2229473
"Yemen, Rep.",YEM,Government Effectiveness - Governance estimate (approx. -2.5 to +2.5),GOV_WGI_GE.EST,-2.0039308,-1.9786346,-1.79929299999999,-1.8878464,-1.87279819999999
"Yemen, Rep.",YEM,Regulatory Quality - Governance estimate (approx. -2.5 to +2.5),GOV_WGI_RQ.EST,-1.6085384,-1.6070255,-1.5789729,-1.54049179999999,-1.5841279
Virgin Islands (U.S.),VIR,Government Effectiveness - Governance estimate (approx. -2.5 to +2.5),GOV_WGI_GE.EST,0.4207953,0.4237045,0.3748592,0.37603,0.3747914
Virgin Islands (U.S.),VIR,Regulatory Quality - Governance estimate (approx. -2.5 to +2.5),GOV_WGI_RQ.EST,1.1078572,1.1057664,1.1001942,1.100788,1.1021324
"Venezuela, RB",VEN,Government Effectiveness - Governance estimate (approx. -2.5 to +2.5),GOV_WGI_GE.EST,-1.562144,-1.5198422,-1.5015522,-1.43242089999999,-1.46624969999999
"Venezuela, RB",VEN,Regulatory Quality - Governance estimate (approx. -2.5 to +2.5),GOV_WGI_RQ.EST,-2.1686654,-2.0857455,-1.92474099999999,-1.88791999999999,-1.9030732
Uzbekistan,UZB,Government Effectiveness - Governance estimate (approx. -2.5 to +2.5),GOV_WGI_GE.EST,-0.656687999999999,-0.3035457,-0.3830537,-0.298574399999999,-0.1435922
Uzbekistan,UZB,Regulatory Quality - Governance estimate (approx. -2.5 to +2.5),GOV_WGI_RQ.EST,-1.0224974,-0.6939061,-0.648251799999999,-0.6716791,-0.526744299999999
United States,USA,Government Effectiveness - Governance estimate (approx. -2.5 to +2.5),GOV_WGI_GE.EST,1.4026997,1.4427774,1.4713232,1.3585237,1.3599787
United States,USA,Regulatory Quality - Governance estimate (approx. -2.5 to +2.5),GOV_WGI_RQ.EST,1.2778639,1.4642419,1.4588295,1.4306863,1.3524886
United Arab Emirates,ARE,Government Effectiveness - Governance estimate (approx. -2.5 to +2.5),GOV_WGI_GE.EST,1.0036502,1.0744083,1.133184,1.3100836,1.2599659
United Arab Emirates,ARE,Regulatory Quality - Governance estimate (approx. -2.5 to +2.5),GOV_WGI_RQ.EST,1.0663206,1.0613347,1.0576162,1.105352,1.1257177
Uganda,UGA,Government Effectiveness - Governance estimate (approx. -2.5 to +2.5),GOV_WGI_GE.EST,-0.5765401,-0.5687509,-0.5149724,-0.4315787,-0.3501362
Uganda,UGA,Regulatory Quality - Governance estimate (approx. -2.5 to +2.5),GOV_WGI_RQ.EST,-0.4951406,-0.4789234,-0.4763192,-0.500208099999999,-0.5242817
Turkmenistan,TKM,Government Effectiveness - Governance estimate (approx. -2.5 to +2.5),GOV_WGI_GE.EST,-0.986675099999999,-0.985300899999999,-0.485807899999999,-0.485174499999999,-1.0591384
Turkmenistan,TKM,Regulatory Quality - Governance estimate (approx. -2.5 to +2.5),GOV_WGI_RQ.EST,-1.7106544,-1.7112281,-1.7127572,-1.7125943,-1.6885626
Tunisia,TUN,Government Effectiveness - Governance estimate (approx. -2.5 to +2.5),GOV_WGI_GE.EST,-0.0327607,-0.0145066999999999,-0.1524479,-0.1684668,-0.2393469
Tunisia,TUN,Regulatory Quality - Governance estimate (approx. -2.5 to +2.5),GOV_WGI_RQ.EST,-0.1095893,-0.199470099999999,-0.3336702,-0.4344534,-0.3901173
Tonga,TON,Government Effectiveness - Governance estimate (approx. -2.5 to +2.5),GOV_WGI_GE.EST,0.0702951,0.0719966,-0.2444921,-0.143801999999999,-0.0372776
Tonga,TON,Regulatory Quality - Governance estimate (approx. -2.5 to +2.5),GOV_WGI_RQ.EST,-0.3641377,-0.295677099999999,-0.2814238,-0.232441099999999,-0.1944853
Timor-Leste,TLS,Government Effectiveness - Governance estimate (approx. -2.5 to +2.5),GOV_WGI_GE.EST,-0.7196526,-0.731625699999999,-0.7602183,-0.8550468,-0.898562299999999
Timor-Leste,TLS,Regulatory Quality - Governance estimate (approx. -2.5 to +2.5),GOV_WGI_RQ.EST,-0.8651416,-0.86557,-0.8181904,-0.806597399999999,-0.7342447
Tanzania,TZA,Government Effectiveness - Governance estimate (approx. -2.5 to +2.5),GOV_WGI_GE.EST,-0.4883765,-0.486840899999999,-0.427250199999999,-0.405130699999999,-0.2924507
Tanzania,TZA,Regulatory Quality - Governance estimate (approx. -2.5 to +2.5),GOV_WGI_RQ.EST,-0.7243573,-0.675339199999999,-0.611127699999999,-0.5906321,-0.5353705
"Taiwan, China",TWN,Government Effectiveness - Governance estimate (approx. -2.5 to +2.5),GOV_WGI_GE.EST,1.5585386,1.456217,1.4778316,1.5218649,1.4952103
"Taiwan, China",TWN,Regulatory Quality - Governance estimate (approx. -2.5 to +2.5),GOV_WGI_RQ.EST,1.2702715,1.3411036,1.2984029,1.2824286,1.2954707
Switzerland,CHE,Government Effectiveness - Governance estimate (approx. -2.5 to +2.5),GOV_WGI_GE.EST,1.9595956,2.0800555,2.0265432,2.0409373,1.8402935
Switzerland,CHE,Regulatory Quality - Governance estimate (approx. -2.5 to +2.5),GOV_WGI_RQ.EST,1.6431817,1.7598954,1.7620014,1.805449,1.7710562
Suriname,SUR,Government Effectiveness - Governance estimate (approx. -2.5 to +2.5),GOV_WGI_GE.EST,-0.1418392,-0.298960499999999,-0.3711426,-0.3705232,-0.454291699999999
Suriname,SUR,Regulatory Quality - Governance estimate (approx. -2.5 to +2.5),GOV_WGI_RQ.EST,-0.695630299999999,-0.6285837,-0.718359499999999,-0.7306638,-0.9187439
St. Vincent and the Grenadines,VCT,Government Effectiveness - Governance estimate (approx. -2.5 to +2.5),GOV_WGI_GE.EST,0.2973715,0.2995049,0.5327234,0.3287938,0.2682296
St. Vincent and the Grenadines,VCT,Regulatory Quality - Governance estimate (approx. -2.5 to +2.5),GOV_WGI_RQ.EST,0.1719049,0.141278,0.0866513999999999,0.0957701,0.1062006
St. Kitts and Nevis,KNA,Government Effectiveness - Governance estimate (approx. -2.5 to +2.5),GOV_WGI_GE.EST,0.7650002,0.4237045,0.691453,0.6926238,0.6913852
St. Kitts and Nevis,KNA,Regulatory Quality - Governance estimate (approx. -2.5 to +2.5),GOV_WGI_RQ.EST,0.4753739,0.489946,0.534217,0.4958574,0.4799757
Spain,ESP,Government Effectiveness - Governance estimate (approx. -2.5 to +2.5),GOV_WGI_GE.EST,1.0477979,1.1202722,1.1419015,1.0779914,1.110811
Spain,ESP,Regulatory Quality - Governance estimate (approx. -2.5 to +2.5),GOV_WGI_RQ.EST,0.8370928,0.9211695,0.8379079,0.6947444,0.6208379
South Africa,ZAF,Government Effectiveness - Governance estimate (approx. -2.5 to +2.5),GOV_WGI_GE.EST,0.0953251,0.0420935,-0.0015597,-0.18467,-0.2259135
South Africa,ZAF,Regulatory Quality - Governance estimate (approx. -2.5 to +2.5),GOV_WGI_RQ.EST,0.0899066999999999,0.0177391,-0.0622982,-0.06209,-0.0601163
Solomon Islands,SLB,Government Effectiveness - Governance estimate (approx. -2.5 to +2.5),GOV_WGI_GE.EST,-0.976086999999999,-1.1196101,-0.9101515,-0.9093907,-0.868619199999999
Solomon Islands,SLB,Regulatory Quality - Governance estimate (approx. -2.5 to +2.5),GOV_WGI_RQ.EST,-0.9113021,-1.057786,-1.059641,-1.05944329999999,-0.888466
Slovak Republic,SVK,Government Effectiveness - Governance estimate (approx. -2.5 to +2.5),GOV_WGI_GE.EST,0.6975922,0.7366757,0.7960113,0.5846525,0.6575804
Slovak Republic,SVK,Regulatory Quality - Governance estimate (approx. -2.5 to +2.5),GOV_WGI_RQ.EST,0.6096002,0.7412158,0.7261799,0.5372918,0.4047054
Sierra Leone,SLE,Government Effectiveness - Governance estimate (approx. -2.5 to +2.5),GOV_WGI_GE.EST,-0.9569812,-1.01218269999999,-0.958347899999999,-0.954490499999999,-0.9671017
Sierra Leone,SLE,Regulatory Quality - Governance estimate (approx. -2.5 to +2.5),GOV_WGI_RQ.EST,-0.9046862,-0.913476699999999,-1.00543499999999,-0.9992935,-1.0589263
Serbia,SRB,Government Effectiveness - Governance estimate (approx. -2.5 to +2.5),GOV_WGI_GE.EST,0.0476746,0.0628473,0.1788279,0.1035439,0.1019486
Serbia,SRB,Regulatory Quality - Governance estimate (approx. -2.5 to +2.5),GOV_WGI_RQ.EST,0.0652905,0.0556174,0.0892565999999999,0.0850626999999999,0.07835
Saudi Arabia,SAU,Government Effectiveness - Governance estimate (approx. -2.5 to +2.5),GOV_WGI_GE.EST,0.1079226,0.3884752,0.5143289,0.725856,0.7833016
Saudi Arabia,SAU,Regulatory Quality - Governance estimate (approx. -2.5 to +2.5),GOV_WGI_RQ.EST,0.1732095,0.3876301,0.554186,0.6101083,0.7102575
San Marino,SMR,Government Effectiveness - Governance estimate (approx. -2.5 to +2.5),GOV_WGI_GE.EST,1.4534103,1.4563194,1.1591046,0.8988601,0.8976214
San Marino,SMR,Regulatory Quality - Governance estimate (approx. -2.5 to +2.5),GOV_WGI_RQ.EST,0.8710628,0.868972,0.8633998,0.8639935,0.865338
Rwanda,RWA,Government Effectiveness - Governance estimate (approx. -2.5 to +2.5),GOV_WGI_GE.EST,0.2606136,0.2102834,0.3684478,0.4086662,0.3489076
Rwanda,RWA,Regulatory Quality - Governance estimate (approx. -2.5 to +2.5),GOV_WGI_RQ.EST,0.1214715,0.1620438,0.1548275,0.225197,0.2696046
Romania,ROU,Government Effectiveness - Governance estimate (approx. -2.5 to +2.5),GOV_WGI_GE.EST,-0.249980099999999,-0.0777119,0.199031,0.1319311,0.4181246
Romania,ROU,Regulatory Quality - Governance estimate (approx. -2.5 to +2.5),GOV_WGI_RQ.EST,0.3027167,0.3145916,0.3937269,0.34486,0.3834547
Qatar,QAT,Government Effectiveness - Governance estimate (approx. -2.5 to +2.5),GOV_WGI_GE.EST,0.9642748,1.1277682,1.189094,1.1464253,1.1342702
Qatar,QAT,Regulatory Quality - Governance estimate (approx. -2.5 to +2.5),GOV_WGI_RQ.EST,0.8435123,0.8424347,0.8839637,0.9412093,0.9663365
Portugal,PRT,Government Effectiveness - Governance estimate (approx. -2.5 to +2.5),GOV_WGI_GE.EST,1.0987347,1.1677599,1.0219923,0.9658494,0.9474847
Portugal,PRT,Regulatory Quality - Governance estimate (approx. -2.5 to +2.5),GOV_WGI_RQ.EST,0.8031995,0.7505542,0.8086012,0.7804495,0.7401575
Philippines,PHL,Government Effectiveness - Governance estimate (approx. -2.5 to +2.5),GOV_WGI_GE.EST,0.1815124,0.1562797,0.0357929,0.1018162,0.1445214
Philippines,PHL,Regulatory Quality - Governance estimate (approx. -2.5 to +2.5),GOV_WGI_RQ.EST,0.0141421,0.0148496,0.0048008999999999,0.0633741,0.0792961
Paraguay,PRY,Government Effectiveness - Governance estimate (approx. -2.5 to +2.5),GOV_WGI_GE.EST,-0.6074736,-0.5769998,-0.495784199999999,-0.337846,-0.3545101
Paraguay,PRY,Regulatory Quality - Governance estimate (approx. -2.5 to +2.5),GOV_WGI_RQ.EST,-0.172904,-0.1860035,-0.2027128,-0.1971096,-0.1411883
Panama,PAN,Government Effectiveness - Governance estimate (approx. -2.5 to +2.5),GOV_WGI_GE.EST,0.2314559,0.2101815,0.0399223,0.0311824,0.2451472
Panama,PAN,Regulatory Quality - Governance estimate (approx. -2.5 to +2.5),GOV_WGI_RQ.EST,0.2697187,0.2114141,0.0393931,0.0230493,-0.0738011
Pakistan,PAK,Government Effectiveness - Governance estimate (approx. -2.5 to +2.5),GOV_WGI_GE.EST,-0.614966799999999,-0.5170351,-0.682084,-0.6585378,-0.6003273
Pakistan,PAK,Regulatory Quality - Governance estimate (approx. -2.5 to +2.5),GOV_WGI_RQ.EST,-0.7006155,-0.6543467,-0.7653493,-0.821984199999999,-0.7928043
Norway,NOR,Government Effectiveness - Governance estimate (approx. -2.5 to +2.5),GOV_WGI_GE.EST,1.9498703,1.9916736,1.8212872,1.7870167,1.843057
Norway,NOR,Regulatory Quality - Governance estimate (approx. -2.5 to +2.5),GOV_WGI_RQ.EST,1.6975606,1.6492378,1.5730046,1.6350956,1.6704537
Niue,NIU,Government Effectiveness - Governance estimate (approx. -2.5 to +2.5),GOV_WGI_GE.EST,,,-1.3275705,-1.3207847,-1.3279634
Niue,NIU,Regulatory Quality - Governance estimate (approx. -2.5 to +2.5),GOV_WGI_RQ.EST,,,-0.910513599999999,-0.908820899999999,-0.9049877
Niger,NER,Government Effectiveness - Governance estimate (approx. -2.5 to +2.5),GOV_WGI_GE.EST,-0.657380699999999,-0.639504699999999,-0.644957,-0.611528899999999,-0.7696662
Niger,NER,Regulatory Quality - Governance estimate (approx. -2.5 to +2.5),GOV_WGI_RQ.EST,-0.749712199999999,-0.694466399999999,-0.6740254,-0.7280992,-0.7624578
New Zealand,NZL,Government Effectiveness - Governance estimate (approx. -2.5 to +2.5),GOV_WGI_GE.EST,1.6915539,1.6029686,1.656508,1.7271046,1.8491848
New Zealand,NZL,Regulatory Quality - Governance estimate (approx. -2.5 to +2.5),GOV_WGI_RQ.EST,1.9329931,1.8534819,1.8604747,1.8767831,1.8444942
Netherlands Antilles,ANT,Government Effectiveness - Governance estimate (approx. -2.5 to +2.5),GOV_WGI_GE.EST,,,,,
Netherlands Antilles,ANT,Regulatory Quality - Governance estimate (approx. -2.5 to +2.5),GOV_WGI_RQ.EST,,,,,
Nepal,NPL,Government Effectiveness - Governance estimate (approx. -2.5 to +2.5),GOV_WGI_GE.EST,-1.0263856,-0.9460782,-0.954515799999999,-0.844047999999999,-0.8845295
Nepal,NPL,Regulatory Quality - Governance estimate (approx. -2.5 to +2.5),GOV_WGI_RQ.EST,-0.663949999999999,-0.6375284,-0.5966637,-0.607287799999999,-0.552333499999999
Namibia,NAM,Government Effectiveness - Governance estimate (approx. -2.5 to +2.5),GOV_WGI_GE.EST,0.1498863,0.1596202,0.165395,0.1539385,0.0993430999999999
Namibia,NAM,Regulatory Quality - Governance estimate (approx. -2.5 to +2.5),GOV_WGI_RQ.EST,0.0768145,0.1492447,0.0818334,0.0866506,0.1349052
Mozambique,MOZ,Government Effectiveness - Governance estimate (approx. -2.5 to +2.5),GOV_WGI_GE.EST,-0.8223436,-0.8185849,-0.7706816,-0.777969199999999,-0.7157933
Mozambique,MOZ,Regulatory Quality - Governance estimate (approx. -2.5 to +2.5),GOV_WGI_RQ.EST,-0.7751237,-0.8186743,-0.7862195,-0.752031799999999,-0.7635095
Montenegro,MNE,Government Effectiveness - Governance estimate (approx. -2.5 to +2.5),GOV_WGI_GE.EST,0.0904093,-0.0246248999999999,0.0193238,0.2766963,0.3664948
Montenegro,MNE,Regulatory Quality - Governance estimate (approx. -2.5 to +2.5),GOV_WGI_RQ.EST,0.2464903,0.2209769,0.2592331,0.197225,0.1273183
Monaco,MCO,Government Effectiveness - Governance estimate (approx. -2.5 to +2.5),GOV_WGI_GE.EST,1.7976151,1.8005243,1.7371134,1.7382842,1.7370456
Monaco,MCO,Regulatory Quality - Governance estimate (approx. -2.5 to +2.5),GOV_WGI_RQ.EST,1.3446521,1.3425613,1.3369891,1.3375828,1.1021324
"Micronesia, Fed. Sts.",FSM,Government Effectiveness - Governance estimate (approx. -2.5 to +2.5),GOV_WGI_GE.EST,0.1389059,0.1409627,-0.0852637,-0.0843730999999999,-0.1847801
"Micronesia, Fed. Sts.",FSM,Regulatory Quality - Governance estimate (approx. -2.5 to +2.5),GOV_WGI_RQ.EST,-0.851506099999999,-0.761884,-0.7640118,-0.7637851,-0.7632717
Mauritius,MUS,Government Effectiveness - Governance estimate (approx. -2.5 to +2.5),GOV_WGI_GE.EST,0.8319144,0.738763,0.7319597,0.823778,0.7653533
Mauritius,MUS,Regulatory Quality - Governance estimate (approx. -2.5 to +2.5),GOV_WGI_RQ.EST,0.9972365,0.9383776,0.896846,0.9443204,0.9400045
Martinique,MTQ,Government Effectiveness - Governance estimate (approx. -2.5 to +2.5),GOV_WGI_GE.EST,1.109205,1.1121142,1.214283,0.9540388,0.9528002
Martinique,MTQ,Regulatory Quality - Governance estimate (approx. -2.5 to +2.5),GOV_WGI_RQ.EST,0.6342679,0.6321771,0.6266049,0.6271987,0.6285431
Malta,MLT,Government Effectiveness - Governance estimate (approx. -2.5 to +2.5),GOV_WGI_GE.EST,1.0778299,1.0227164,0.9128888,0.7610244,0.622496
Malta,MLT,Regulatory Quality - Governance estimate (approx. -2.5 to +2.5),GOV_WGI_RQ.EST,1.0901554,0.7210401,0.5640572,0.5286404,0.4916338
Kyrgyz Republic,KGZ,Government Effectiveness - Governance estimate (approx. -2.5 to +2.5),GOV_WGI_GE.EST,-0.586251299999999,-0.842252799999999,-0.9984392,-1.0041023,-0.8885033
Kyrgyz Republic,KGZ,Regulatory Quality - Governance estimate (approx. -2.5 to +2.5),GOV_WGI_RQ.EST,-0.4846177,-0.5122396,-0.5260208,-0.5342741,-0.516746399999999
Latvia,LVA,Government Effectiveness - Governance estimate (approx. -2.5 to +2.5),GOV_WGI_GE.EST,0.7965198,0.8795712,0.7275574,0.6374221,0.7431802
Latvia,LVA,Regulatory Quality - Governance estimate (approx. -2.5 to +2.5),GOV_WGI_RQ.EST,0.9806216,1.1028018,0.9590621,0.9975052,1.0998172
Lesotho,LSO,Government Effectiveness - Governance estimate (approx. -2.5 to +2.5),GOV_WGI_GE.EST,-0.7085808,-0.7136054,-0.747926099999999,-0.7503177,-0.6470887
Lesotho,LSO,Regulatory Quality - Governance estimate (approx. -2.5 to +2.5),GOV_WGI_RQ.EST,-0.7112968,-0.6526333,-0.5786676,-0.5644091,-0.484852
Libya,LBY,Government Effectiveness - Governance estimate (approx. -2.5 to +2.5),GOV_WGI_GE.EST,-1.6327551,-1.4589466,-1.56371599999999,-1.447749,-1.41948799999999
Libya,LBY,Regulatory Quality - Governance estimate (approx. -2.5 to +2.5),GOV_WGI_RQ.EST,-1.9895714,-1.9018167,-1.90307039999999,-1.82178479999999,-1.7391073
Lithuania,LTU,Government Effectiveness - Governance estimate (approx. -2.5 to +2.5),GOV_WGI_GE.EST,0.9591268,0.9787009,0.9431482,0.9448653,1.2014922
Lithuania,LTU,Regulatory Quality - Governance estimate (approx. -2.5 to +2.5),GOV_WGI_RQ.EST,0.8963652,1.1708848,1.1852774,1.2128759,1.291591
"Macao SAR, China",MAC,Government Effectiveness - Governance estimate (approx. -2.5 to +2.5),GOV_WGI_GE.EST,1.1144754,1.1162482,1.1159813,1.1169207,1.1159269
"Macao SAR, China",MAC,Regulatory Quality - Governance estimate (approx. -2.5 to +2.5),GOV_WGI_RQ.EST,1.4335238,1.4327093,1.4305385,1.4307698,1.3713907
Malawi,MWI,Government Effectiveness - Governance estimate (approx. -2.5 to +2.5),GOV_WGI_GE.EST,-0.7484164,-0.6797637,-0.781456199999999,-0.7685413,-0.7257604
Malawi,MWI,Regulatory Quality - Governance estimate (approx. -2.5 to +2.5),GOV_WGI_RQ.EST,-0.733428499999999,-0.6948634,-0.669774,-0.7064862,-0.5849557
Maldives,MDV,Government Effectiveness - Governance estimate (approx. -2.5 to +2.5),GOV_WGI_GE.EST,-0.0983054999999999,0.1471021,-0.2212354,-0.220344899999999,-0.221286999999999
Maldives,MDV,Regulatory Quality - Governance estimate (approx. -2.5 to +2.5),GOV_WGI_RQ.EST,-0.3494424,-0.2598203,-0.3523685,-0.3521418,-0.2353508
Ukraine,UKR,Government Effectiveness - Governance estimate (approx. -2.5 to +2.5),GOV_WGI_GE.EST,-0.3827228,-0.404859099999999,-0.6371971,-0.5803376,-0.5988431
Ukraine,UKR,Regulatory Quality - Governance estimate (approx. -2.5 to +2.5),GOV_WGI_RQ.EST,-0.349632599999999,-0.3585413,-0.412279199999999,-0.3782819,-0.300852399999999
Turkiye,TUR,Government Effectiveness - Governance estimate (approx. -2.5 to +2.5),GOV_WGI_GE.EST,0.070917,0.0250833,-0.0247938999999999,-0.114084999999999,-0.0707153
Turkiye,TUR,Regulatory Quality - Governance estimate (approx. -2.5 to +2.5),GOV_WGI_RQ.EST,-0.1651388,-0.123133799999999,-0.229146699999999,-0.2108777,-0.2112376
Trinidad and Tobago,TTO,Government Effectiveness - Governance estimate (approx. -2.5 to +2.5),GOV_WGI_GE.EST,0.3455076,0.332159,0.1507374,0.1511968,0.1112932
Trinidad and Tobago,TTO,Regulatory Quality - Governance estimate (approx. -2.5 to +2.5),GOV_WGI_RQ.EST,-0.1286426,-0.0548088,-0.0783239,-0.165110999999999,-0.206573899999999
Togo,TGO,Government Effectiveness - Governance estimate (approx. -2.5 to +2.5),GOV_WGI_GE.EST,-0.882900199999999,-0.877012599999999,-0.9684392,-0.917685499999999,-0.8014589
Togo,TGO,Regulatory Quality - Governance estimate (approx. -2.5 to +2.5),GOV_WGI_RQ.EST,-0.4899887,-0.4817275,-0.4208338,-0.4042671,-0.408113499999999
Thailand,THA,Government Effectiveness - Governance estimate (approx. -2.5 to +2.5),GOV_WGI_GE.EST,0.1171649,0.2086191,0.2274924,0.3053878,0.2536395
Thailand,THA,Regulatory Quality - Governance estimate (approx. -2.5 to +2.5),GOV_WGI_RQ.EST,0.0858661,0.1032065,0.1135856,0.1189791,0.106412
Tajikistan,TJK,Government Effectiveness - Governance estimate (approx. -2.5 to +2.5),GOV_WGI_GE.EST,-0.763975499999999,-0.8282832,-0.7979088,-0.7683569,-0.6009336
Tajikistan,TJK,Regulatory Quality - Governance estimate (approx. -2.5 to +2.5),GOV_WGI_RQ.EST,-0.808196999999999,-0.8413027,-0.8422923,-0.8421868,-0.7588053
Syrian Arab Republic,SYR,Government Effectiveness - Governance estimate (approx. -2.5 to +2.5),GOV_WGI_GE.EST,-1.4732889,-1.5265647,-1.61489209999999,-1.6144064,-1.6726478
Syrian Arab Republic,SYR,Regulatory Quality - Governance estimate (approx. -2.5 to +2.5),GOV_WGI_RQ.EST,-1.6481019,-1.75501,-1.8921267,-1.8919941,-1.9974752
Algeria,DZA,Government Effectiveness - Governance estimate (approx. -2.5 to +2.5),GOV_WGI_GE.EST,-0.2693237,-0.4641151,-0.2671351,-0.355560999999999,-0.2511914
Algeria,DZA,Regulatory Quality - Governance estimate (approx. -2.5 to +2.5),GOV_WGI_RQ.EST,-1.08103289999999,-0.9720042,-0.8782506,-0.7856434,-0.7526468
Andorra,AND,Government Effectiveness - Governance estimate (approx. -2.5 to +2.5),GOV_WGI_GE.EST,1.7976151,1.8005243,1.1591046,1.1602754,1.1590368
Andorra,AND,Regulatory Quality - Governance estimate (approx. -2.5 to +2.5),GOV_WGI_RQ.EST,1.1078572,1.1057664,1.1001942,1.100788,1.1021324
Anguilla,AIA,Government Effectiveness - Governance estimate (approx. -2.5 to +2.5),GOV_WGI_GE.EST,0.7650002,0.7679093,1.1116761,1.1132177,1.1115868
Anguilla,AIA,Regulatory Quality - Governance estimate (approx. -2.5 to +2.5),GOV_WGI_RQ.EST,0.8710628,0.868972,0.8633998,0.8639935,0.865338
Argentina,ARG,Government Effectiveness - Governance estimate (approx. -2.5 to +2.5),GOV_WGI_GE.EST,0.148927,0.1125651,0.1085858,0.0614731,0.1837479
Argentina,ARG,Regulatory Quality - Governance estimate (approx. -2.5 to +2.5),GOV_WGI_RQ.EST,-0.5471843,-0.584024299999999,-0.5792423,-0.5065132,-0.235025999999999
Aruba,ABW,Government Effectiveness - Governance estimate (approx. -2.5 to +2.5),GOV_WGI_GE.EST,0.9047216,0.9064944,1.0084741,0.6576186,0.6567856
Aruba,ABW,Regulatory Quality - Governance estimate (approx. -2.5 to +2.5),GOV_WGI_RQ.EST,0.9835183,0.9825611,0.9800098,0.9802816,0.9808972
Austria,AUT,Government Effectiveness - Governance estimate (approx. -2.5 to +2.5),GOV_WGI_GE.EST,1.9079985,1.8163061,1.7373291,1.5790569,1.5145106
Austria,AUT,Regulatory Quality - Governance estimate (approx. -2.5 to +2.5),GOV_WGI_RQ.EST,1.4737069,1.4481822,1.4011869,1.4120974,1.3510615
"Bahamas, The",BHS,Government Effectiveness - Governance estimate (approx. -2.5 to +2.5),GOV_WGI_GE.EST,0.5873396,0.5886789,0.7093344,0.7099538,0.7092986
"Bahamas, The",BHS,Regulatory Quality - Governance estimate (approx. -2.5 to +2.5),GOV_WGI_RQ.EST,-0.0114288999999999,-0.020375,-0.0671185,-0.0942177999999999,-0.107257899999999
Bangladesh,BGD,Government Effectiveness - Governance estimate (approx. -2.5 to +2.5),GOV_WGI_GE.EST,-0.7213698,-0.563899399999999,-0.62345,-0.5574534,-0.618974599999999
Bangladesh,BGD,Regulatory Quality - Governance estimate (approx. -2.5 to +2.5),GOV_WGI_RQ.EST,-0.8942304,-0.871176499999999,-0.9240476,-0.9009111,-0.9500708
Belarus,BLR,Government Effectiveness - Governance estimate (approx. -2.5 to +2.5),GOV_WGI_GE.EST,-0.6167824,-0.6825409,-0.5969261,-0.596406099999999,-0.7015463
Belarus,BLR,Regulatory Quality - Governance estimate (approx. -2.5 to +2.5),GOV_WGI_RQ.EST,-0.6830906,-0.7942597,-1.0760793,-1.175204,-1.23226899999999
Belize,BLZ,Government Effectiveness - Governance estimate (approx. -2.5 to +2.5),GOV_WGI_GE.EST,-0.3797712,-0.378268799999999,-0.141304899999999,-0.0642292,-0.129095
Belize,BLZ,Regulatory Quality - Governance estimate (approx. -2.5 to +2.5),GOV_WGI_RQ.EST,-0.5762528,-0.6067267,-0.617476,-0.493012699999999,-0.450078
Bermuda,BMU,Government Effectiveness - Governance estimate (approx. -2.5 to +2.5),GOV_WGI_GE.EST,1.4534103,1.4563194,1.214283,1.4768692,1.4756305
Bermuda,BMU,Regulatory Quality - Governance estimate (approx. -2.5 to +2.5),GOV_WGI_RQ.EST,0.8710628,0.868972,0.8633998,0.6271987,0.6285431
Bolivia,BOL,Government Effectiveness - Governance estimate (approx. -2.5 to +2.5),GOV_WGI_GE.EST,-0.4718419,-0.4784584,-0.4335715,-0.4093864,-0.6104172
Bolivia,BOL,Regulatory Quality - Governance estimate (approx. -2.5 to +2.5),GOV_WGI_RQ.EST,-1.0510123,-1.117001,-1.13735149999999,-1.1594687,-1.2544304
Botswana,BWA,Government Effectiveness - Governance estimate (approx. -2.5 to +2.5),GOV_WGI_GE.EST,0.310377,0.4025631,0.4593723,0.5409963,0.4168893
Botswana,BWA,Regulatory Quality - Governance estimate (approx. -2.5 to +2.5),GOV_WGI_RQ.EST,0.3891703,0.459995,0.4849039,0.446548,0.4019336
Brunei Darussalam,BRN,Government Effectiveness - Governance estimate (approx. -2.5 to +2.5),GOV_WGI_GE.EST,1.0752528,1.0763513,0.9849534,0.9854734,0.8351988
Brunei Darussalam,BRN,Regulatory Quality - Governance estimate (approx. -2.5 to +2.5),GOV_WGI_RQ.EST,0.8099842,0.86713,0.8654815,0.8078928,0.8869612
Burkina Faso,BFA,Government Effectiveness - Governance estimate (approx. -2.5 to +2.5),GOV_WGI_GE.EST,-0.6308904,-0.746447899999999,-0.871408499999999,-0.864281,-0.8748674
Burkina Faso,BFA,Regulatory Quality - Governance estimate (approx. -2.5 to +2.5),GOV_WGI_RQ.EST,-0.4990944,-0.4590282,-0.497673999999999,-0.4822862,-0.5255615
Cabo Verde,CPV,Government Effectiveness - Governance estimate (approx. -2.5 to +2.5),GOV_WGI_GE.EST,0.3949941,0.2774591,0.3600121,0.361672,0.4151952
Cabo Verde,CPV,Regulatory Quality - Governance estimate (approx. -2.5 to +2.5),GOV_WGI_RQ.EST,0.0022026999999999,0.0657809,0.0965552,0.0966797,0.0451434
Cameroon,CMR,Government Effectiveness - Governance estimate (approx. -2.5 to +2.5),GOV_WGI_GE.EST,-0.8271415,-0.787710799999999,-0.7843452,-0.778701699999999,-0.800788699999999
Cameroon,CMR,Regulatory Quality - Governance estimate (approx. -2.5 to +2.5),GOV_WGI_RQ.EST,-0.7462458,-0.816719899999999,-0.754941299999999,-0.739391399999999,-0.728671499999999
Sweden,SWE,Government Effectiveness - Governance estimate (approx. -2.5 to +2.5),GOV_WGI_GE.EST,1.980777,1.9668155,1.9149251,1.6930218,1.7746948
Sweden,SWE,Regulatory Quality - Governance estimate (approx. -2.5 to +2.5),GOV_WGI_RQ.EST,1.715293,1.6807618,1.6240804,1.6722947,1.6717941
Sudan,SDN,Government Effectiveness - Governance estimate (approx. -2.5 to +2.5),GOV_WGI_GE.EST,-1.4293287,-1.4426029,-1.5360265,-1.7726125,-1.79393619999999
Sudan,SDN,Regulatory Quality - Governance estimate (approx. -2.5 to +2.5),GOV_WGI_RQ.EST,-1.50085769999999,-1.48846139999999,-1.5498089,-1.6040918,-1.6627093
St. Lucia,LCA,Government Effectiveness - Governance estimate (approx. -2.5 to +2.5),GOV_WGI_GE.EST,0.1183828,-0.1319064,0.1826232,0.3883874,0.2682296
St. Lucia,LCA,Regulatory Quality - Governance estimate (approx. -2.5 to +2.5),GOV_WGI_RQ.EST,0.284517,0.1996244,0.2002621,0.2145717,0.1818488
Sri Lanka,LKA,Government Effectiveness - Governance estimate (approx. -2.5 to +2.5),GOV_WGI_GE.EST,-0.1134357,-0.2353399,-0.503783099999999,-0.2845545,-0.2745215
Sri Lanka,LKA,Regulatory Quality - Governance estimate (approx. -2.5 to +2.5),GOV_WGI_RQ.EST,-0.1122765,-0.1629445,-0.456906,-0.3799918,-0.299213499999999
South Sudan,SSD,Government Effectiveness - Governance estimate (approx. -2.5 to +2.5),GOV_WGI_GE.EST,-2.16308659999999,-2.2425859,-2.2168775,-2.2060236,-2.1728459
South Sudan,SSD,Regulatory Quality - Governance estimate (approx. -2.5 to +2.5),GOV_WGI_RQ.EST,-1.9522498,-1.93385449999999,-1.934717,-2.0014186,-1.9295182
"Somalia, Fed. Rep.",SOM,Government Effectiveness - Governance estimate (approx. -2.5 to +2.5),GOV_WGI_GE.EST,-1.9389024,-1.96354459999999,-1.94568789999999,-1.8653529,-1.95005229999999
"Somalia, Fed. Rep.",SOM,Regulatory Quality - Governance estimate (approx. -2.5 to +2.5),GOV_WGI_RQ.EST,-1.8686121,-1.7880177,-1.7887408,-1.6997338,-1.72760539999999
Slovenia,SVN,Government Effectiveness - Governance estimate (approx. -2.5 to +2.5),GOV_WGI_GE.EST,1.3704336,1.3440925,1.2580894,1.1624609,1.0893351
Slovenia,SVN,Regulatory Quality - Governance estimate (approx. -2.5 to +2.5),GOV_WGI_RQ.EST,0.8216029,0.8294744,0.7372169,0.7953113,0.798163
Singapore,SGP,Government Effectiveness - Governance estimate (approx. -2.5 to +2.5),GOV_WGI_GE.EST,2.2154522,2.2180671,2.2013027,2.2622865,2.2796267
Singapore,SGP,Regulatory Quality - Governance estimate (approx. -2.5 to +2.5),GOV_WGI_RQ.EST,2.1222024,2.1352444,2.049181,2.1295346,2.1321197
Seychelles,SYC,Government Effectiveness - Governance estimate (approx. -2.5 to +2.5),GOV_WGI_GE.EST,0.4965414,0.5612215,0.4110747,0.5293894,0.6267672
Seychelles,SYC,Regulatory Quality - Governance estimate (approx. -2.5 to +2.5),GOV_WGI_RQ.EST,0.2729044,0.2723347,0.3267766,0.4281497,0.3896741
Senegal,SEN,Government Effectiveness - Governance estimate (approx. -2.5 to +2.5),GOV_WGI_GE.EST,0.0852361,0.1309278,0.1203621,0.1516215,0.2344127
Senegal,SEN,Regulatory Quality - Governance estimate (approx. -2.5 to +2.5),GOV_WGI_RQ.EST,-0.2418203,-0.2406738,-0.251317299999999,-0.2661232,-0.241644499999999
Sao Tome and Principe,STP,Government Effectiveness - Governance estimate (approx. -2.5 to +2.5),GOV_WGI_GE.EST,-0.488719099999999,-0.5922232,-0.6505091,-0.6767276,-0.718673799999999
Sao Tome and Principe,STP,Regulatory Quality - Governance estimate (approx. -2.5 to +2.5),GOV_WGI_RQ.EST,-0.8307876,-0.8221936,-0.818472,-0.881126099999999,-0.8908801
Samoa,WSM,Government Effectiveness - Governance estimate (approx. -2.5 to +2.5),GOV_WGI_GE.EST,0.5102513,0.512308,0.2181469,0.419559,0.4344899
Samoa,WSM,Regulatory Quality - Governance estimate (approx. -2.5 to +2.5),GOV_WGI_RQ.EST,-0.07753,-0.168748899999999,-0.195063899999999,-0.169743199999999,-0.101737899999999
Russian Federation,RUS,Government Effectiveness - Governance estimate (approx. -2.5 to +2.5),GOV_WGI_GE.EST,-0.0432286,-0.1170517,-0.208680199999999,-0.208478,-0.3215539
Russian Federation,RUS,Regulatory Quality - Governance estimate (approx. -2.5 to +2.5),GOV_WGI_RQ.EST,-0.4450265,-0.3720054,-0.8919419,-0.888925299999999,-1.0682839
Reunion,REU,Government Effectiveness - Governance estimate (approx. -2.5 to +2.5),GOV_WGI_GE.EST,1.109205,1.1121142,1.1116761,0.7690129,0.767382
Reunion,REU,Regulatory Quality - Governance estimate (approx. -2.5 to +2.5),GOV_WGI_RQ.EST,0.6342679,0.6321771,0.6266049,0.6271987,0.6285431
Puerto Rico (US),PRI,Government Effectiveness - Governance estimate (approx. -2.5 to +2.5),GOV_WGI_GE.EST,-0.3930492,-0.3916752,-0.5483655,-0.3079002,-0.2552121
Puerto Rico (US),PRI,Regulatory Quality - Governance estimate (approx. -2.5 to +2.5),GOV_WGI_RQ.EST,0.7810589,0.7802388,0.7775664,0.6204573,0.6528081
Poland,POL,Government Effectiveness - Governance estimate (approx. -2.5 to +2.5),GOV_WGI_GE.EST,0.6765763,0.5887761,0.515427,0.6341038,0.6734027
Poland,POL,Regulatory Quality - Governance estimate (approx. -2.5 to +2.5),GOV_WGI_RQ.EST,0.6854992,0.6736094,0.6870197,0.7253164,0.6858353
Peru,PER,Government Effectiveness - Governance estimate (approx. -2.5 to +2.5),GOV_WGI_GE.EST,-0.106299499999999,-0.0563454,-0.0885376,-0.197054099999999,-0.2004128
Peru,PER,Regulatory Quality - Governance estimate (approx. -2.5 to +2.5),GOV_WGI_RQ.EST,0.2250935,0.0848324999999999,0.0716412999999999,0.1292945,0.0828146
Papua New Guinea,PNG,Government Effectiveness - Governance estimate (approx. -2.5 to +2.5),GOV_WGI_GE.EST,-0.886045099999999,-0.9081302,-1.0845367,-1.0841072,-0.900446699999999
Papua New Guinea,PNG,Regulatory Quality - Governance estimate (approx. -2.5 to +2.5),GOV_WGI_RQ.EST,-0.5871307,-0.751495399999999,-0.7469684,-0.710919,-0.6004013
Palau,PLW,Government Effectiveness - Governance estimate (approx. -2.5 to +2.5),GOV_WGI_GE.EST,-0.0189645999999999,-0.0161962,-0.0433382,-0.0418711,0.0100272
Palau,PLW,Regulatory Quality - Governance estimate (approx. -2.5 to +2.5),GOV_WGI_RQ.EST,0.400905,0.3990617,0.394149,0.3946725,0.4811763
Oman,OMN,Government Effectiveness - Governance estimate (approx. -2.5 to +2.5),GOV_WGI_GE.EST,0.1018136,0.102771,0.4468675,0.4719959,0.5675096
Oman,OMN,Regulatory Quality - Governance estimate (approx. -2.5 to +2.5),GOV_WGI_RQ.EST,0.4719412,0.4254017,0.4679554,0.4701815,0.6875152
North Macedonia,MKD,Government Effectiveness - Governance estimate (approx. -2.5 to +2.5),GOV_WGI_GE.EST,-0.0922934,-0.0787865,0.0111046,0.022351,-0.0323427
North Macedonia,MKD,Regulatory Quality - Governance estimate (approx. -2.5 to +2.5),GOV_WGI_RQ.EST,0.30335,0.2238642,0.2225911,0.2015163,0.2663032
Nigeria,NGA,Government Effectiveness - Governance estimate (approx. -2.5 to +2.5),GOV_WGI_GE.EST,-0.984177499999999,-1.0500622,-1.05684699999999,-0.8677545,-1.0065889
Nigeria,NGA,Regulatory Quality - Governance estimate (approx. -2.5 to +2.5),GOV_WGI_RQ.EST,-0.8874002,-0.8726579,-0.9963194,-0.8274258,-0.6332954
Nicaragua,NIC,Government Effectiveness - Governance estimate (approx. -2.5 to +2.5),GOV_WGI_GE.EST,-0.7981834,-0.7550562,-0.9210621,-0.936770799999999,-1.0529768
Nicaragua,NIC,Regulatory Quality - Governance estimate (approx. -2.5 to +2.5),GOV_WGI_RQ.EST,-0.681071299999999,-0.8867041,-1.0016657,-1.0126191,-0.991034699999999
New Caledonia,NCL,Government Effectiveness - Governance estimate (approx. -2.5 to +2.5),GOV_WGI_GE.EST,,,,,
New Caledonia,NCL,Regulatory Quality - Governance estimate (approx. -2.5 to +2.5),GOV_WGI_RQ.EST,,,,,
Albania,ALB,Government Effectiveness - Governance estimate (approx. -2.5 to +2.5),GOV_WGI_GE.EST,0.0187103,0.1116368,0.1929668,0.293429,0.3123437
Albania,ALB,Regulatory Quality - Governance estimate (approx. -2.5 to +2.5),GOV_WGI_RQ.EST,-0.0195592999999999,-0.0049463,0.0155769,0.0632513,0.1357347
American Samoa,ASM,Government Effectiveness - Governance estimate (approx. -2.5 to +2.5),GOV_WGI_GE.EST,0.7650002,0.7679093,0.7674713,0.7690129,0.767382
American Samoa,ASM,Regulatory Quality - Governance estimate (approx. -2.5 to +2.5),GOV_WGI_RQ.EST,0.3974735,0.3953827,0.3898105,0.3904042,0.3917487
Angola,AGO,Government Effectiveness - Governance estimate (approx. -2.5 to +2.5),GOV_WGI_GE.EST,-1.0163604,-0.9347008,-0.8325718,-0.8287026,-0.785190899999999
Angola,AGO,Regulatory Quality - Governance estimate (approx. -2.5 to +2.5),GOV_WGI_RQ.EST,-1.0388818,-0.8486184,-0.8618821,-0.904342,-0.773019999999999
Antigua and Barbuda,ATG,Government Effectiveness - Governance estimate (approx. -2.5 to +2.5),GOV_WGI_GE.EST,-0.6118196,-0.6089105,-0.0927924,0.4312085,0.4299698
Antigua and Barbuda,ATG,Regulatory Quality - Governance estimate (approx. -2.5 to +2.5),GOV_WGI_RQ.EST,0.576116,0.5644068,0.4644715,0.6218901,0.6346032
Armenia,ARM,Government Effectiveness - Governance estimate (approx. -2.5 to +2.5),GOV_WGI_GE.EST,-0.3375702,-0.3553578,-0.3306901,-0.163441,-0.3640294
Armenia,ARM,Regulatory Quality - Governance estimate (approx. -2.5 to +2.5),GOV_WGI_RQ.EST,0.2080999,0.1972098,0.0783259999999999,0.0964411,0.137992
Australia,AUS,Government Effectiveness - Governance estimate (approx. -2.5 to +2.5),GOV_WGI_GE.EST,1.6054566,1.7024874,1.7675146,1.7818134,1.8090452
Australia,AUS,Regulatory Quality - Governance estimate (approx. -2.5 to +2.5),GOV_WGI_RQ.EST,1.7684279,1.7860103,1.8002733,1.8131125,1.7223205
Azerbaijan,AZE,Government Effectiveness - Governance estimate (approx. -2.5 to +2.5),GOV_WGI_GE.EST,-0.0570332999999999,-0.0569922999999999,-0.0543532,0.0656316,0.1661183
Azerbaijan,AZE,Regulatory Quality - Governance estimate (approx. -2.5 to +2.5),GOV_WGI_RQ.EST,-0.1055885,-0.0594814,-0.0606320999999999,0.0432245,0.1348932
Bahrain,BHR,Government Effectiveness - Governance estimate (approx. -2.5 to +2.5),GOV_WGI_GE.EST,0.4205912,0.7183116,0.7297568,0.7325207,0.6002525
Bahrain,BHR,Regulatory Quality - Governance estimate (approx. -2.5 to +2.5),GOV_WGI_RQ.EST,0.5553824,0.7964885,0.8697953,0.9096095,0.9502434
Barbados,BRB,Government Effectiveness - Governance estimate (approx. -2.5 to +2.5),GOV_WGI_GE.EST,0.6105647,0.6625554,0.7073038,0.6052291,0.60457
Barbados,BRB,Regulatory Quality - Governance estimate (approx. -2.5 to +2.5),GOV_WGI_RQ.EST,0.401461,0.4761062,0.4039531,0.429255,0.4405032
Belgium,BEL,Government Effectiveness - Governance estimate (approx. -2.5 to +2.5),GOV_WGI_GE.EST,1.1695968,1.2282716,1.3103839,1.1646047,1.1947395
Belgium,BEL,Regulatory Quality - Governance estimate (approx. -2.5 to +2.5),GOV_WGI_RQ.EST,1.3238216,1.3954035,1.4079657,1.2914096,1.2435483
Benin,BEN,Government Effectiveness - Governance estimate (approx. -2.5 to +2.5),GOV_WGI_GE.EST,-0.1887935,-0.2018892,-0.214913499999999,-0.216367999999999,-0.1854211
Benin,BEN,Regulatory Quality - Governance estimate (approx. -2.5 to +2.5),GOV_WGI_RQ.EST,-0.436359599999999,-0.3792796,-0.2859729,-0.2359682,-0.277262399999999
Bhutan,BTN,Government Effectiveness - Governance estimate (approx. -2.5 to +2.5),GOV_WGI_GE.EST,0.4837444,0.5963822,0.5347986,0.5353028,0.5808357
Bhutan,BTN,Regulatory Quality - Governance estimate (approx. -2.5 to +2.5),GOV_WGI_RQ.EST,-0.0309429,-0.0451337,-0.109357799999999,-0.109245,-0.0912943
Bosnia and Herzegovina,BIH,Government Effectiveness - Governance estimate (approx. -2.5 to +2.5),GOV_WGI_GE.EST,-0.7051218,-0.8403621,-0.7459726,-0.6453703,-0.6353163
Bosnia and Herzegovina,BIH,Regulatory Quality - Governance estimate (approx. -2.5 to +2.5),GOV_WGI_RQ.EST,-0.3741576,-0.3797619,-0.3795221,-0.3476707,-0.349848899999999
Brazil,BRA,Government Effectiveness - Governance estimate (approx. -2.5 to +2.5),GOV_WGI_GE.EST,-0.0873994999999999,-0.0686133999999999,-0.2352194,-0.2666224,-0.224002999999999
Brazil,BRA,Regulatory Quality - Governance estimate (approx. -2.5 to +2.5),GOV_WGI_RQ.EST,-0.1518853,-0.1510718,-0.1989311,-0.2359869,-0.2945386
Bulgaria,BGR,Government Effectiveness - Governance estimate (approx. -2.5 to +2.5),GOV_WGI_GE.EST,-0.0577385999999999,-0.0148069999999999,-0.0737381,0.1061571,0.0428203
Bulgaria,BGR,Regulatory Quality - Governance estimate (approx. -2.5 to +2.5),GOV_WGI_RQ.EST,0.3077122,0.3229289,0.2475956,0.351784,0.2880342
Burundi,BDI,Government Effectiveness - Governance estimate (approx. -2.5 to +2.5),GOV_WGI_GE.EST,-1.0934389,-1.1242343,-1.1809945,-1.108269,-1.0060869
Burundi,BDI,Regulatory Quality - Governance estimate (approx. -2.5 to +2.5),GOV_WGI_RQ.EST,-1.0171598,-1.00004119999999,-0.9203619,-0.882728,-0.8138576
Cambodia,KHM,Government Effectiveness - Governance estimate (approx. -2.5 to +2.5),GOV_WGI_GE.EST,-0.5904535,-0.643403,-0.4625515,-0.4160661,-0.293501299999999
Cambodia,KHM,Regulatory Quality - Governance estimate (approx. -2.5 to +2.5),GOV_WGI_RQ.EST,-0.696444,-0.6885401,-0.6946692,-0.676237299999999,-0.6313721
Canada,CAN,Government Effectiveness - Governance estimate (approx. -2.5 to +2.5),GOV_WGI_GE.EST,1.6877631,1.682819,1.8072447,1.7452669,1.7591249
Canada,CAN,Regulatory Quality - Governance estimate (approx. -2.5 to +2.5),GOV_WGI_RQ.EST,1.5928788,1.6316738,1.6322148,1.572456,1.3622118
Cayman Islands,CYM,Government Effectiveness - Governance estimate (approx. -2.5 to +2.5),GOV_WGI_GE.EST,0.9047216,1.1162482,1.1842957,1.1850832,1.1842501
Cayman Islands,CYM,Regulatory Quality - Governance estimate (approx. -2.5 to +2.5),GOV_WGI_RQ.EST,1.0775435,1.0765863,1.074035,1.0743068,1.0749224
Central African Republic,CAF,Government Effectiveness - Governance estimate (approx. -2.5 to +2.5),GOV_WGI_GE.EST,-1.61231869999999,-1.5775561,-1.59031909999999,-1.5707645,-1.57655
Central African Republic,CAF,Regulatory Quality - Governance estimate (approx. -2.5 to +2.5),GOV_WGI_RQ.EST,-1.365152,-1.3937882,-1.36948269999999,-1.3283436,-1.268058
Chad,TCD,Government Effectiveness - Governance estimate (approx. -2.5 to +2.5),GOV_WGI_GE.EST,-1.2291822,-1.24045919999999,-1.1754288,-1.2154601,-1.1005006
Chad,TCD,Regulatory Quality - Governance estimate (approx. -2.5 to +2.5),GOV_WGI_RQ.EST,-1.1473695,-1.0888251,-1.0433507,-1.083941,-1.0878516
Chile,CHL,Government Effectiveness - Governance estimate (approx. -2.5 to +2.5),GOV_WGI_GE.EST,0.8727629,0.8697585,0.8753581,0.9969509,0.964461
Chile,CHL,Regulatory Quality - Governance estimate (approx. -2.5 to +2.5),GOV_WGI_RQ.EST,0.8902664,0.8736894,0.8278003,0.8474903,0.7807061
China,CHN,Government Effectiveness - Governance estimate (approx. -2.5 to +2.5),GOV_WGI_GE.EST,0.5674972,0.6669456,0.5292387,0.7776287,0.8957842
China,CHN,Regulatory Quality - Governance estimate (approx. -2.5 to +2.5),GOV_WGI_RQ.EST,-0.0666201,-0.0246937,-0.0908271,-0.0818839,-0.0712903
Colombia,COL,Government Effectiveness - Governance estimate (approx. -2.5 to +2.5),GOV_WGI_GE.EST,-0.082969,-0.0318011,0.0015825,-0.0421246,-0.111099099999999
Colombia,COL,Regulatory Quality - Governance estimate (approx. -2.5 to +2.5),GOV_WGI_RQ.EST,0.160839,0.2365791,0.1864213,0.1365735,0.0133922
Comoros,COM,Government Effectiveness - Governance estimate (approx. -2.5 to +2.5),GOV_WGI_GE.EST,-1.37485899999999,-1.55203659999999,-1.3767923,-1.2489279,-1.2085975
Comoros,COM,Regulatory Quality - Governance estimate (approx. -2.5 to +2.5),GOV_WGI_RQ.EST,-1.2775189,-1.330504,-1.2493257,-1.2848742,-1.2486088
"Congo, Dem. Rep.",COD,Government Effectiveness - Governance estimate (approx. -2.5 to +2.5),GOV_WGI_GE.EST,-1.6808836,-1.70495509999999,-1.73411619999999,-1.65795039999999,-1.6934449
"Congo, Dem. Rep.",COD,Regulatory Quality - Governance estimate (approx. -2.5 to +2.5),GOV_WGI_RQ.EST,-1.36869589999999,-1.3231263,-1.3074062,-1.2580246,-1.2848458
"Congo, Rep.",COG,Government Effectiveness - Governance estimate (approx. -2.5 to +2.5),GOV_WGI_GE.EST,-1.1735413,-1.1895932,-1.1313765,-1.1669408,-1.110638
"Congo, Rep.",COG,Regulatory Quality - Governance estimate (approx. -2.5 to +2.5),GOV_WGI_RQ.EST,-1.32058079999999,-1.1613755,-1.2181294,-1.1865166,-1.1515624
Cook Islands,COK,Government Effectiveness - Governance estimate (approx. -2.5 to +2.5),GOV_WGI_GE.EST,,,0.0321933,0.0389791,0.5262603
Cook Islands,COK,Regulatory Quality - Governance estimate (approx. -2.5 to +2.5),GOV_WGI_RQ.EST,,,-0.2207362,-0.2190434,0.060701
Costa Rica,CRI,Government Effectiveness - Governance estimate (approx. -2.5 to +2.5),GOV_WGI_GE.EST,0.2258033,0.2714874,0.1212348,0.3340948,0.2868975
Costa Rica,CRI,Regulatory Quality - Governance estimate (approx. -2.5 to +2.5),GOV_WGI_RQ.EST,0.5391413,0.5605961,0.5923863,0.5745299,0.5818279
Cote d'Ivoire,CIV,Government Effectiveness - Governance estimate (approx. -2.5 to +2.5),GOV_WGI_GE.EST,-0.4875808,-0.5005974,-0.354842,-0.3185096,-0.3157177
Cote d'Ivoire,CIV,Regulatory Quality - Governance estimate (approx. -2.5 to +2.5),GOV_WGI_RQ.EST,-0.321199499999999,-0.289141,-0.2155259,-0.1888771,-0.1669572
Croatia,HRV,Government Effectiveness - Governance estimate (approx. -2.5 to +2.5),GOV_WGI_GE.EST,0.5056587,0.7557995,0.7162336,0.7487411,0.7097625
Croatia,HRV,Regulatory Quality - Governance estimate (approx. -2.5 to +2.5),GOV_WGI_RQ.EST,0.2017786,0.3318001,0.2993308,0.4438308,0.2858764
Cyprus,CYP,Government Effectiveness - Governance estimate (approx. -2.5 to +2.5),GOV_WGI_GE.EST,1.0026015,0.86,0.9509266,0.9314768,0.8696373
Cyprus,CYP,Regulatory Quality - Governance estimate (approx. -2.5 to +2.5),GOV_WGI_RQ.EST,0.8979194,0.8484873,0.7331313,0.7722603,0.7395817
Denmark,DNK,Government Effectiveness - Governance estimate (approx. -2.5 to +2.5),GOV_WGI_GE.EST,1.9999488,2.1905145,2.0983389,1.9559634,1.9128986
Denmark,DNK,Regulatory Quality - Governance estimate (approx. -2.5 to +2.5),GOV_WGI_RQ.EST,1.9761315,1.9974993,2.020588,1.9894408,1.9307059
Dominica,DMA,Government Effectiveness - Governance estimate (approx. -2.5 to +2.5),GOV_WGI_GE.EST,-0.3864624,-0.384329,-0.0222235,0.3883874,0.1490422
Dominica,DMA,Regulatory Quality - Governance estimate (approx. -2.5 to +2.5),GOV_WGI_RQ.EST,0.1541986,0.1493075,0.1471658,0.1538033,0.0598246
Ecuador,ECU,Government Effectiveness - Governance estimate (approx. -2.5 to +2.5),GOV_WGI_GE.EST,-0.343507499999999,-0.1107469,0.0016248999999999,-0.162533899999999,-0.2196127
Ecuador,ECU,Regulatory Quality - Governance estimate (approx. -2.5 to +2.5),GOV_WGI_RQ.EST,-0.7359599,-0.5551263,-0.4783493,-0.5994798,-0.6464312
El Salvador,SLV,Government Effectiveness - Governance estimate (approx. -2.5 to +2.5),GOV_WGI_GE.EST,-0.1427333,-0.2484854,-0.387094,-0.0947816,-0.1831795
El Salvador,SLV,Regulatory Quality - Governance estimate (approx. -2.5 to +2.5),GOV_WGI_RQ.EST,-0.0750467,-0.2893204,-0.3858311,-0.3189964,-0.1762422
Eritrea,ERI,Government Effectiveness - Governance estimate (approx. -2.5 to +2.5),GOV_WGI_GE.EST,-1.3975653,-1.394653,-1.34348739999999,-1.3802453,-1.45617889999999
Eritrea,ERI,Regulatory Quality - Governance estimate (approx. -2.5 to +2.5),GOV_WGI_RQ.EST,-1.95704219999999,-1.98880149999999,-1.9894957,-2.0283618,-2.0353648
Eswatini,SWZ,Government Effectiveness - Governance estimate (approx. -2.5 to +2.5),GOV_WGI_GE.EST,-0.6235547,-0.723303399999999,-0.6320655,-0.717774199999999,-0.7811414
Eswatini,SWZ,Regulatory Quality - Governance estimate (approx. -2.5 to +2.5),GOV_WGI_RQ.EST,-0.524157499999999,-0.5237379,-0.621976499999999,-0.6218515,-0.6380015
Fiji,FJI,Government Effectiveness - Governance estimate (approx. -2.5 to +2.5),GOV_WGI_GE.EST,0.6553479,0.7309158,0.5025006,0.5033911,0.6089609
Fiji,FJI,Regulatory Quality - Governance estimate (approx. -2.5 to +2.5),GOV_WGI_RQ.EST,-0.1526032,-0.0698337,-0.0999849,-0.0997581999999999,0.0650821999999999
France,FRA,Government Effectiveness - Governance estimate (approx. -2.5 to +2.5),GOV_WGI_GE.EST,1.4906558,1.5363267,1.4637769,1.3517693,1.2007009
France,FRA,Regulatory Quality - Governance estimate (approx. -2.5 to +2.5),GOV_WGI_RQ.EST,1.2588514,1.2843889,1.2688944,1.2327254,1.1461527
French Polynesia,PYF,Government Effectiveness - Governance estimate (approx. -2.5 to +2.5),GOV_WGI_GE.EST,,,,,
French Polynesia,PYF,Regulatory Quality - Governance estimate (approx. -2.5 to +2.5),GOV_WGI_RQ.EST,,,,,
"Gambia, The",GMB,Government Effectiveness - Governance estimate (approx. -2.5 to +2.5),GOV_WGI_GE.EST,-0.5874216,-0.5131901,-0.502495799999999,-0.4683483,-0.5358243
"Gambia, The",GMB,Regulatory Quality - Governance estimate (approx. -2.5 to +2.5),GOV_WGI_RQ.EST,-0.70407,-0.754535499999999,-0.673555,-0.63169,-0.6640332
Germany,DEU,Government Effectiveness - Governance estimate (approx. -2.5 to +2.5),GOV_WGI_GE.EST,1.7812546,1.8265941,1.7792628,1.5613864,1.5462994
Germany,DEU,Regulatory Quality - Governance estimate (approx. -2.5 to +2.5),GOV_WGI_RQ.EST,1.5622145,1.6129105,1.5636199,1.4741969,1.4980615
Greece,GRC,Government Effectiveness - Governance estimate (approx. -2.5 to +2.5),GOV_WGI_GE.EST,0.5867351,0.5727218,0.5636045,0.2578486,0.1912731
Greece,GRC,Regulatory Quality - Governance estimate (approx. -2.5 to +2.5),GOV_WGI_RQ.EST,0.4420625,0.3962921,0.4212368,0.5145808,0.4796528
Grenada,GRD,Government Effectiveness - Governance estimate (approx. -2.5 to +2.5),GOV_WGI_GE.EST,-0.0961408,-0.0943871,-0.0438885,0.0807085999999999,0.0201444
Grenada,GRD,Regulatory Quality - Governance estimate (approx. -2.5 to +2.5),GOV_WGI_RQ.EST,-0.1239178,-0.0492583,-0.040791,0.053522,0.0498844
Guatemala,GTM,Government Effectiveness - Governance estimate (approx. -2.5 to +2.5),GOV_WGI_GE.EST,-0.7764521,-0.7444335,-0.8842065,-0.8628806,-0.9093696
Guatemala,GTM,Regulatory Quality - Governance estimate (approx. -2.5 to +2.5),GOV_WGI_RQ.EST,-0.3770766,-0.385992799999999,-0.3817018,-0.408294899999999,-0.3094252
Guinea-Bissau,GNB,Government Effectiveness - Governance estimate (approx. -2.5 to +2.5),GOV_WGI_GE.EST,-1.2811844,-1.3839632,-1.5281779,-1.4517345,-1.3676142
Guinea-Bissau,GNB,Regulatory Quality - Governance estimate (approx. -2.5 to +2.5),GOV_WGI_RQ.EST,-1.2914875,-1.3114711,-1.31223539999999,-1.2474915,-1.1903185
Haiti,HTI,Government Effectiveness - Governance estimate (approx. -2.5 to +2.5),GOV_WGI_GE.EST,-1.9163196,-2.0602282,-2.0132007,-2.0108367,-2.0156868
Haiti,HTI,Regulatory Quality - Governance estimate (approx. -2.5 to +2.5),GOV_WGI_RQ.EST,-1.30768439999999,-1.4160753,-1.41718639999999,-1.5446242,-1.46341569999999
"Hong Kong SAR, China",HKG,Government Effectiveness - Governance estimate (approx. -2.5 to +2.5),GOV_WGI_GE.EST,1.5914491,1.6245817,1.6433381,1.5374202,1.6374532
"Hong Kong SAR, China",HKG,Regulatory Quality - Governance estimate (approx. -2.5 to +2.5),GOV_WGI_RQ.EST,1.8517763,1.7461556,1.7235844,1.7308843,1.7399242
Iceland,ISL,Government Effectiveness - Governance estimate (approx. -2.5 to +2.5),GOV_WGI_GE.EST,1.5637066,1.8005665,1.6330091,1.6402729,1.645973
Iceland,ISL,Regulatory Quality - Governance estimate (approx. -2.5 to +2.5),GOV_WGI_RQ.EST,1.4674124,1.6297845,1.4250509,1.3949539,1.3302839
Indonesia,IDN,Government Effectiveness - Governance estimate (approx. -2.5 to +2.5),GOV_WGI_GE.EST,0.213754,0.1470804,0.2328093,0.2732116,0.179804
Indonesia,IDN,Regulatory Quality - Governance estimate (approx. -2.5 to +2.5),GOV_WGI_RQ.EST,0.2247809,0.3421673,0.2811244,0.3408081,0.1247202
Iraq,IRQ,Government Effectiveness - Governance estimate (approx. -2.5 to +2.5),GOV_WGI_GE.EST,-1.21784199999999,-1.2310377,-1.223854,-1.3398894,-1.1018847
Iraq,IRQ,Regulatory Quality - Governance estimate (approx. -2.5 to +2.5),GOV_WGI_RQ.EST,-1.2511236,-1.1622157,-1.2214123,-1.2810271,-1.030546
Israel,ISR,Government Effectiveness - Governance estimate (approx. -2.5 to +2.5),GOV_WGI_GE.EST,1.1657244,1.5896737,1.5237704,1.3569151,1.1726244
Israel,ISR,Regulatory Quality - Governance estimate (approx. -2.5 to +2.5),GOV_WGI_RQ.EST,1.1520351,1.1753426,1.1223555,1.0540976,1.1138772
Jamaica,JAM,Government Effectiveness - Governance estimate (approx. -2.5 to +2.5),GOV_WGI_GE.EST,0.3867314,0.3396406,0.2544889,0.1649969,0.1712622
Jamaica,JAM,Regulatory Quality - Governance estimate (approx. -2.5 to +2.5),GOV_WGI_RQ.EST,0.0985113,0.1818115,0.1706852,0.1485571,0.0908785
Jersey,JEY,Government Effectiveness - Governance estimate (approx. -2.5 to +2.5),GOV_WGI_GE.EST,1.2780893,1.2816485,1.2811126,1.2829987,1.2810034
Jersey,JEY,Regulatory Quality - Governance estimate (approx. -2.5 to +2.5),GOV_WGI_RQ.EST,1.0677035,1.0662107,1.0622322,1.0626561,1.063616
Kazakhstan,KAZ,Government Effectiveness - Governance estimate (approx. -2.5 to +2.5),GOV_WGI_GE.EST,0.0522732,0.017817,0.1603392,0.1520225,0.1467641
Kazakhstan,KAZ,Regulatory Quality - Governance estimate (approx. -2.5 to +2.5),GOV_WGI_RQ.EST,0.0538787,0.0132367,-0.0640574,0.0054918,0.0470549
Kiribati,KIR,Government Effectiveness - Governance estimate (approx. -2.5 to +2.5),GOV_WGI_GE.EST,-0.257145499999999,-0.2550887,-0.255398399999999,-0.4079699,-0.4343103
Kiribati,KIR,Regulatory Quality - Governance estimate (approx. -2.5 to +2.5),GOV_WGI_RQ.EST,-0.5492947,-0.5500931,-0.5337443,-0.5997507,-0.5014363
"Korea, Rep.",KOR,Government Effectiveness - Governance estimate (approx. -2.5 to +2.5),GOV_WGI_GE.EST,1.5914906,1.6261842,1.4844938,1.4955907,1.4867237
"Korea, Rep.",KOR,Regulatory Quality - Governance estimate (approx. -2.5 to +2.5),GOV_WGI_RQ.EST,0.9083199,0.9879995,1.01728,0.9996554,1.013674
Kuwait,KWT,Government Effectiveness - Governance estimate (approx. -2.5 to +2.5),GOV_WGI_GE.EST,-0.11216,0.0296612,0.3336204,0.3091212,0.3278963
Kuwait,KWT,Regulatory Quality - Governance estimate (approx. -2.5 to +2.5),GOV_WGI_RQ.EST,0.1356131,0.1641701,0.2464239,0.3224925,0.4035133
Lao PDR,LAO,Government Effectiveness - Governance estimate (approx. -2.5 to +2.5),GOV_WGI_GE.EST,-0.765948,-0.7431648,-0.710403999999999,-0.753464199999999,-0.5819014
Lao PDR,LAO,Regulatory Quality - Governance estimate (approx. -2.5 to +2.5),GOV_WGI_RQ.EST,-0.775701299999999,-0.742067799999999,-0.818860399999999,-0.7700083,-0.636028199999999
Lebanon,LBN,Government Effectiveness - Governance estimate (approx. -2.5 to +2.5),GOV_WGI_GE.EST,-0.9492217,-1.0567104,-1.0420809,-1.16583329999999,-1.1301199
Lebanon,LBN,Regulatory Quality - Governance estimate (approx. -2.5 to +2.5),GOV_WGI_RQ.EST,-0.715552099999999,-0.821736999999999,-0.943323199999999,-0.912561,-0.958879399999999
Liberia,LBR,Government Effectiveness - Governance estimate (approx. -2.5 to +2.5),GOV_WGI_GE.EST,-1.3754275,-1.32722149999999,-1.33159689999999,-1.2153121,-1.24629299999999
Liberia,LBR,Regulatory Quality - Governance estimate (approx. -2.5 to +2.5),GOV_WGI_RQ.EST,-0.9601829,-0.945724799999999,-0.966968199999999,-0.9050469,-0.8418216
Liechtenstein,LIE,Government Effectiveness - Governance estimate (approx. -2.5 to +2.5),GOV_WGI_GE.EST,1.7216059,1.5136251,1.5173885,1.6939974,1.6931644
Liechtenstein,LIE,Regulatory Quality - Governance estimate (approx. -2.5 to +2.5),GOV_WGI_RQ.EST,1.6551308,1.5620662,1.5352187,1.53545,1.5359738
Luxembourg,LUX,Government Effectiveness - Governance estimate (approx. -2.5 to +2.5),GOV_WGI_GE.EST,1.9824291,1.9512038,1.9655271,2.1455984,2.0397137
Luxembourg,LUX,Regulatory Quality - Governance estimate (approx. -2.5 to +2.5),GOV_WGI_RQ.EST,1.8008159,1.8555011,1.8671503,1.8374052,1.8386524
Madagascar,MDG,Government Effectiveness - Governance estimate (approx. -2.5 to +2.5),GOV_WGI_GE.EST,-0.9069144,-0.9458829,-0.9182243,-0.9548243,-0.8631928
Madagascar,MDG,Regulatory Quality - Governance estimate (approx. -2.5 to +2.5),GOV_WGI_RQ.EST,-0.8711152,-0.8689985,-0.831308199999999,-0.8500495,-0.748588599999999
Malaysia,MYS,Government Effectiveness - Governance estimate (approx. -2.5 to +2.5),GOV_WGI_GE.EST,0.8675226,0.8036415,0.7857271,0.7474758,0.9147725
Malaysia,MYS,Regulatory Quality - Governance estimate (approx. -2.5 to +2.5),GOV_WGI_RQ.EST,0.637551,0.7295908,0.6557654,0.588407,0.6804759
Mali,MLI,Government Effectiveness - Governance estimate (approx. -2.5 to +2.5),GOV_WGI_GE.EST,-1.12240539999999,-1.1810763,-1.20601619999999,-1.2258828,-1.2871409
Mali,MLI,Regulatory Quality - Governance estimate (approx. -2.5 to +2.5),GOV_WGI_RQ.EST,-0.7294119,-0.6697155,-0.7107857,-0.7441068,-0.7622873
Marshall Islands,MHL,Government Effectiveness - Governance estimate (approx. -2.5 to +2.5),GOV_WGI_GE.EST,-0.21495,-0.212893199999999,-0.1660294,-0.1651389,-0.2909441
Marshall Islands,MHL,Regulatory Quality - Governance estimate (approx. -2.5 to +2.5),GOV_WGI_RQ.EST,-0.892459999999999,-0.8933951,-0.9175268,-0.9172612,-0.6875722
Mauritania,MRT,Government Effectiveness - Governance estimate (approx. -2.5 to +2.5),GOV_WGI_GE.EST,-0.9008005,-0.848290299999999,-0.87695,-0.818757699999999,-0.741247299999999
Mauritania,MRT,Regulatory Quality - Governance estimate (approx. -2.5 to +2.5),GOV_WGI_RQ.EST,-0.8732894,-0.969900299999999,-0.968165699999999,-0.8613964,-0.778151199999999
Mexico,MEX,Government Effectiveness - Governance estimate (approx. -2.5 to +2.5),GOV_WGI_GE.EST,-0.0462657999999999,-0.0457428999999999,-0.0874176,-0.0748651999999999,-0.2199329
Mexico,MEX,Regulatory Quality - Governance estimate (approx. -2.5 to +2.5),GOV_WGI_RQ.EST,-0.1196879,-0.191282199999999,-0.156337,-0.1760497,-0.1957883
Moldova,MDA,Government Effectiveness - Governance estimate (approx. -2.5 to +2.5),GOV_WGI_GE.EST,-0.2721944,-0.210143599999999,-0.133791,-0.0336705,0.2576379
Moldova,MDA,Regulatory Quality - Governance estimate (approx. -2.5 to +2.5),GOV_WGI_RQ.EST,-0.1518578,-0.0862631,-0.0435626,-0.0545226,-0.0467374
Mongolia,MNG,Government Effectiveness - Governance estimate (approx. -2.5 to +2.5),GOV_WGI_GE.EST,-0.311666999999999,-0.3519979,-0.2986908,-0.363902299999999,-0.3892189
Mongolia,MNG,Regulatory Quality - Governance estimate (approx. -2.5 to +2.5),GOV_WGI_RQ.EST,-0.1342621,-0.1284159,-0.194625599999999,-0.0410209,-0.0707494999999999
Morocco,MAR,Government Effectiveness - Governance estimate (approx. -2.5 to +2.5),GOV_WGI_GE.EST,-0.0577221999999999,-0.1241745,-0.1200179,-0.0188320999999999,0.1763559
Morocco,MAR,Regulatory Quality - Governance estimate (approx. -2.5 to +2.5),GOV_WGI_RQ.EST,0.0648279,-0.0751135,-0.0811815999999999,-0.0473438,-0.0266854999999999
Myanmar,MMR,Government Effectiveness - Governance estimate (approx. -2.5 to +2.5),GOV_WGI_GE.EST,-1.318284,-1.54162579999999,-1.6445781,-1.5813496,-1.5583075
Myanmar,MMR,Regulatory Quality - Governance estimate (approx. -2.5 to +2.5),GOV_WGI_RQ.EST,-0.7286511,-1.13693469999999,-1.26034659999999,-1.4451128,-1.4197208
Nauru,NRU,Government Effectiveness - Governance estimate (approx. -2.5 to +2.5),GOV_WGI_GE.EST,-0.0456897,-0.0429212999999999,-0.0433382,-0.0418711,0.0100272
Nauru,NRU,Regulatory Quality - Governance estimate (approx. -2.5 to +2.5),GOV_WGI_RQ.EST,-0.353369899999999,-0.3552132,-0.3601258,-0.5683682,-0.524523699999999
Netherlands,NLD,Government Effectiveness - Governance estimate (approx. -2.5 to +2.5),GOV_WGI_GE.EST,2.0397583,1.8535742,1.7650127,1.7511282,1.7519974
Netherlands,NLD,Regulatory Quality - Governance estimate (approx. -2.5 to +2.5),GOV_WGI_RQ.EST,1.7647356,1.8243489,1.7233662,1.7180996,1.7218271
